,Model,train_rmse,valid_rmse,train_time
0,LSTM_5,0.04690004214406573,0.04849179096271323,136301.17
