,Model,train_rmse,valid_rmse,24h_pred_rmse,train_time
0,LSTM_GRU,0.05938901038075744,0.06071305776979481,0.34510403953965824,2647.04
