,Model,train_rmse,valid_rmse,24h_pred_rmse,train_time
0,LSTM_GRU,0.16119034749413771,0.25346283462285835,0.06862289508764483,3.96
