24-hour,Train RMSE score,Test RMSE score ,Training Time (s),Train RMSE score2,Test RMSE score 3,Training Time (s)4,Train RMSE score5,Test RMSE score 6,Training Time (s)7
LSTM_LSTM,0.0841,0.08272,21609,0.06356,0.06413,21721,0.05657,0.05681,20458
DFS_2LSTM,0.06498,0.06456,6759,0.06283,0.06498,6651,0.06426,0.0638,6767
DFS,0.06574,0.06516,4478,0.06688,0.06656,4347,0.06627,0.06692,4499
CBLSTM,0.06638,0.06588,6468,0.06573,0.06621,6411,0.06719,0.06663,6637
DFS_GRU,0.0661,0.06561,4874,0.0703,0.07022,4878,0.06743,0.0707,5077
CBGRU,0.08322,0.08337,7260,0.06555,0.06697,7286,0.07105,0.07444,7321
CB_2GRU,0.07433,0.07228,12913,0.07649,0.07527,13128,0.07359,0.08001,13040